fp_bit,functional_groups
fp_0,其他
fp_1,其他
fp_2,其他
fp_3,其他
fp_4,其他
fp_5,其他
fp_6,其他
fp_7,其他
fp_8,其他
fp_9,其他
fp_10,其他
fp_11,其他
fp_12,其他
fp_13,其他
fp_14,含硫基团
fp_15,其他
fp_16,其他
fp_17,胺基
fp_18,其他
fp_19,其他
fp_20,胺基
fp_21,其他
fp_22,其他
fp_23,其他
fp_24,其他
fp_25,其他
fp_26,其他
fp_27,其他
fp_28,其他
fp_29,其他
fp_30,其他
fp_31,其他
fp_32,其他
fp_33,其他
fp_34,其他
fp_35,其他
fp_36,其他
fp_37,其他
fp_38,其他
fp_39,其他
fp_40,其他
fp_41,其他
fp_42,其他
fp_43,其他
fp_44,其他
fp_45,其他
fp_46,其他
fp_47,其他
fp_48,其他
fp_49,其他
fp_50,其他
fp_51,其他
fp_52,其他
fp_53,其他
fp_54,其他
fp_55,其他
fp_56,其他
fp_57,其他
fp_58,其他
fp_59,其他
fp_60,其他
fp_61,其他
fp_62,其他
fp_63,其他
fp_64,其他
fp_65,其他
fp_66,其他
fp_67,其他
fp_68,其他
fp_69,其他
fp_70,其他
fp_71,其他
fp_72,其他
fp_73,其他
fp_74,其他
fp_75,其他
fp_76,其他
fp_77,其他
fp_78,其他
fp_79,其他
fp_80,其他
fp_81,其他
fp_82,其他
fp_83,其他
fp_84,其他
fp_85,胺基
fp_86,其他
fp_87,其他
fp_88,其他
fp_89,其他
fp_90,其他
fp_91,其他
fp_92,其他
fp_93,其他
fp_94,其他
fp_95,其他
fp_96,其他
fp_97,其他
fp_98,其他
fp_99,其他
fp_100,其他
fp_101,其他
fp_102,其他
fp_103,其他
fp_104,其他
fp_105,其他
fp_106,其他
fp_107,其他
fp_108,其他
fp_109,其他
fp_110,其他
fp_111,其他
fp_112,其他
fp_113,其他
fp_114,烯烃
fp_115,其他
fp_116,其他
fp_117,胺基
fp_118,胺基
fp_119,其他
fp_120,其他
fp_121,其他
fp_122,其他
fp_123,其他
fp_124,其他
fp_125,其他
fp_126,其他
fp_127,其他
fp_128,其他
fp_129,其他
fp_130,其他
fp_131,其他
fp_132,其他
fp_133,其他
fp_134,其他
fp_135,末端烯烃或亚甲基
fp_136,其他
fp_137,其他
fp_138,其他
fp_139,其他
fp_140,其他
fp_141,其他
fp_142,其他
fp_143,铅中心
fp_144,其他
fp_145,其他
fp_146,其他
fp_147,其他
fp_148,其他
fp_149,其他
fp_150,其他
fp_151,其他
fp_152,其他
fp_153,其他
fp_154,其他
fp_155,其他
fp_156,其他
fp_157,其他
fp_158,其他
fp_159,其他
fp_160,其他
fp_161,其他
fp_162,其他
fp_163,其他
fp_164,其他
fp_165,其他
fp_166,胺基
fp_167,其他
fp_168,胺基
fp_169,其他
fp_170,其他
fp_171,其他
fp_172,其他
fp_173,其他
fp_174,其他
fp_175,其他
fp_176,其他
fp_177,其他
fp_178,其他
fp_179,其他
fp_180,其他
fp_181,其他
fp_182,其他
fp_183,其他
fp_184,其他
fp_185,其他
fp_186,其他
fp_187,其他
fp_188,其他
fp_189,其他
fp_190,其他
fp_191,其他
fp_192,其他
fp_193,其他
fp_194,其他
fp_195,其他
fp_196,含硫基团
fp_197,其他
fp_198,胺基
fp_199,其他
fp_200,其他
fp_201,其他
fp_202,其他
fp_203,其他
fp_204,其他
fp_205,其他
fp_206,含硫基团
fp_207,其他
fp_208,其他
fp_209,其他
fp_210,其他
fp_211,其他
fp_212,其他
fp_213,其他
fp_214,其他
fp_215,其他
fp_216,其他
fp_217,其他
fp_218,其他
fp_219,其他
fp_220,其他
fp_221,其他
fp_222,其他
fp_223,其他
fp_224,其他
fp_225,其他
fp_226,其他
fp_227,其他
fp_228,其他
fp_229,其他
fp_230,甲基
fp_231,其他
fp_232,其他
fp_233,其他
fp_234,其他
fp_235,其他
fp_236,其他
fp_237,其他
fp_238,其他
fp_239,其他
fp_240,其他
fp_241,含硫基团
fp_242,其他
fp_243,其他
fp_244,其他
fp_245,其他
fp_246,其他
fp_247,其他
fp_248,其他
fp_249,其他
fp_250,其他
fp_251,其他
fp_252,其他
fp_253,其他
fp_254,其他
fp_255,其他
fp_256,其他
fp_257,其他
fp_258,其他
fp_259,其他
fp_260,胺基
fp_261,其他
fp_262,其他
fp_263,其他
fp_264,其他
fp_265,其他
fp_266,其他
fp_267,其他
fp_268,其他
fp_269,其他
fp_270,其他
fp_271,其他
fp_272,其他
fp_273,其他
fp_274,其他
fp_275,胺基
fp_276,其他
fp_277,其他
fp_278,其他
fp_279,胺基
fp_280,羟基/醚
fp_281,其他
fp_282,其他
fp_283,其他
fp_284,其他
fp_285,其他
fp_286,其他
fp_287,其他
fp_288,其他
fp_289,其他
fp_290,其他
fp_291,胺基
fp_292,其他
fp_293,其他
fp_294,甲基
fp_295,其他
fp_296,其他
fp_297,其他
fp_298,其他
fp_299,其他
fp_300,其他
fp_301,其他
fp_302,其他
fp_303,其他
fp_304,其他
fp_305,其他
fp_306,其他
fp_307,其他
fp_308,其他
fp_309,其他
fp_310,其他
fp_311,其他
fp_312,其他
fp_313,其他
fp_314,其他
fp_315,其他
fp_316,其他
fp_317,其他
fp_318,其他
fp_319,胺基
fp_320,其他
fp_321,其他
fp_322,其他
fp_323,其他
fp_324,其他
fp_325,其他
fp_326,其他
fp_327,其他
fp_328,其他
fp_329,其他
fp_330,其他
fp_331,其他
fp_332,其他
fp_333,其他
fp_334,其他
fp_335,其他
fp_336,其他
fp_337,其他
fp_338,其他
fp_339,其他
fp_340,其他
fp_341,其他
fp_342,酰胺
fp_343,其他
fp_344,其他
fp_345,其他
fp_346,其他
fp_347,其他
fp_348,其他
fp_349,其他
fp_350,其他
fp_351,其他
fp_352,其他
fp_353,其他
fp_354,其他
fp_355,其他
fp_356,其他
fp_357,其他
fp_358,其他
fp_359,其他
fp_360,其他
fp_361,其他
fp_362,胺基
fp_363,其他
fp_364,其他
fp_365,其他
fp_366,其他
fp_367,其他
fp_368,其他
fp_369,其他
fp_370,其他
fp_371,其他
fp_372,其他
fp_373,其他
fp_374,其他
fp_375,其他
fp_376,其他
fp_377,其他
fp_378,其他
fp_379,酰胺
fp_380,其他
fp_381,其他
fp_382,其他
fp_383,含硫基团;胺基
fp_384,其他
fp_385,其他
fp_386,其他
fp_387,其他
fp_388,其他
fp_389,末端烯烃或亚甲基;羟基/醚
fp_390,胺基
fp_391,其他
fp_392,其他
fp_393,其他
fp_394,其他
fp_395,其他
fp_396,其他
fp_397,其他
fp_398,其他
fp_399,其他
fp_400,其他
fp_401,胺基
fp_402,其他
fp_403,其他
fp_404,其他
fp_405,其他
fp_406,其他
fp_407,其他
fp_408,胺基
fp_409,其他
fp_410,其他
fp_411,其他
fp_412,其他
fp_413,其他
fp_414,其他
fp_415,其他
fp_416,其他
fp_417,其他
fp_418,其他
fp_419,其他
fp_420,其他
fp_421,其他
fp_422,其他
fp_423,其他
fp_424,其他
fp_425,其他
fp_426,其他
fp_427,其他
fp_428,其他
fp_429,其他
fp_430,其他
fp_431,其他
fp_432,其他
fp_433,其他
fp_434,其他
fp_435,其他
fp_436,其他
fp_437,其他
fp_438,其他
fp_439,其他
fp_440,其他
fp_441,其他
fp_442,其他
fp_443,其他
fp_444,其他
fp_445,其他
fp_446,其他
fp_447,其他
fp_448,其他
fp_449,其他
fp_450,其他
fp_451,其他
fp_452,其他
fp_453,其他
fp_454,其他
fp_455,其他
fp_456,其他
fp_457,其他
fp_458,其他
fp_459,其他
fp_460,其他
fp_461,其他
fp_462,其他
fp_463,其他
fp_464,其他
fp_465,其他
fp_466,其他
fp_467,其他
fp_468,其他
fp_469,其他
fp_470,其他
fp_471,其他
fp_472,其他
fp_473,其他
fp_474,胺基
fp_475,其他
fp_476,其他
fp_477,其他
fp_478,其他
fp_479,其他
fp_480,其他
fp_481,其他
fp_482,其他
fp_483,其他
fp_484,其他
fp_485,其他
fp_486,其他
fp_487,其他
fp_488,其他
fp_489,氮自由基
fp_490,其他
fp_491,其他
fp_492,其他
fp_493,其他
fp_494,其他
fp_495,其他
fp_496,胺基;铅中心
fp_497,其他
fp_498,其他
fp_499,其他
fp_500,其他
fp_501,其他
fp_502,其他
fp_503,其他
fp_504,其他
fp_505,胺基
fp_506,其他
fp_507,含硫基团
fp_508,羧基
fp_509,其他
fp_510,其他
fp_511,其他
fp_512,其他
fp_513,其他
fp_514,其他
fp_515,其他
fp_516,其他
fp_517,其他
fp_518,其他
fp_519,甲基
fp_520,其他
fp_521,其他
fp_522,其他
fp_523,其他
fp_524,其他
fp_525,其他
fp_526,末端烯烃或亚甲基
fp_527,其他
fp_528,甲基
fp_529,其他
fp_530,其他
fp_531,其他
fp_532,其他
fp_533,其他
fp_534,其他
fp_535,其他
fp_536,其他
fp_537,其他
fp_538,其他
fp_539,其他
fp_540,其他
fp_541,其他
fp_542,其他
fp_543,其他
fp_544,其他
fp_545,其他
fp_546,其他
fp_547,其他
fp_548,其他
fp_549,其他
fp_550,其他
fp_551,其他
fp_552,胺基
fp_553,其他
fp_554,其他
fp_555,其他
fp_556,其他
fp_557,其他
fp_558,其他
fp_559,其他
fp_560,其他
fp_561,其他
fp_562,其他
fp_563,其他
fp_564,其他
fp_565,其他
fp_566,其他
fp_567,其他
fp_568,其他
fp_569,其他
fp_570,其他
fp_571,其他
fp_572,其他
fp_573,其他
fp_574,其他
fp_575,其他
fp_576,其他
fp_577,其他
fp_578,其他
fp_579,其他
fp_580,其他
fp_581,其他
fp_582,其他
fp_583,其他
fp_584,其他
fp_585,其他
fp_586,其他
fp_587,其他
fp_588,其他
fp_589,其他
fp_590,其他
fp_591,甲基
fp_592,含硫基团;胺基
fp_593,其他
fp_594,其他
fp_595,其他
fp_596,其他
fp_597,其他
fp_598,其他
fp_599,其他
fp_600,其他
fp_601,其他
fp_602,其他
fp_603,其他
fp_604,其他
fp_605,羧基
fp_606,其他
fp_607,末端烯烃或亚甲基
fp_608,其他
fp_609,其他
fp_610,其他
fp_611,其他
fp_612,其他
fp_613,其他
fp_614,其他
fp_615,其他
fp_616,其他
fp_617,其他
fp_618,其他
fp_619,其他
fp_620,其他
fp_621,其他
fp_622,其他
fp_623,其他
fp_624,其他
fp_625,其他
fp_626,其他
fp_627,其他
fp_628,其他
fp_629,其他
fp_630,其他
fp_631,其他
fp_632,其他
fp_633,其他
fp_634,其他
fp_635,其他
fp_636,其他
fp_637,其他
fp_638,其他
fp_639,其他
fp_640,其他
fp_641,其他
fp_642,其他
fp_643,其他
fp_644,其他
fp_645,其他
fp_646,其他
fp_647,其他
fp_648,其他
fp_649,其他
fp_650,其他
fp_651,其他
fp_652,其他
fp_653,其他
fp_654,其他
fp_655,含硫基团
fp_656,含硫基团
fp_657,其他
fp_658,其他
fp_659,其他
fp_660,其他
fp_661,其他
fp_662,其他
fp_663,其他
fp_664,其他
fp_665,胺基
fp_666,其他
fp_667,胺基
fp_668,其他
fp_669,其他
fp_670,其他
fp_671,其他
fp_672,其他
fp_673,其他
fp_674,其他
fp_675,其他
fp_676,其他
fp_677,其他
fp_678,其他
fp_679,甲基
fp_680,其他
fp_681,其他
fp_682,其他
fp_683,其他
fp_684,其他
fp_685,其他
fp_686,其他
fp_687,其他
fp_688,其他
fp_689,其他
fp_690,其他
fp_691,其他
fp_692,其他
fp_693,其他
fp_694,其他
fp_695,其他
fp_696,其他
fp_697,其他
fp_698,其他
fp_699,氟代烷
fp_700,其他
fp_701,仲铵
fp_702,其他
fp_703,其他
fp_704,碘代烷
fp_705,其他
fp_706,其他
fp_707,其他
fp_708,其他
fp_709,其他
fp_710,其他
fp_711,其他
fp_712,其他
fp_713,其他
fp_714,其他
fp_715,其他
fp_716,其他
fp_717,其他
fp_718,其他
fp_719,其他
fp_720,其他
fp_721,其他
fp_722,其他
fp_723,其他
fp_724,其他
fp_725,其他
fp_726,其他
fp_727,其他
fp_728,其他
fp_729,其他
fp_730,酰胺
fp_731,其他
fp_732,其他
fp_733,其他
fp_734,其他
fp_735,其他
fp_736,其他
fp_737,其他
fp_738,胺基
fp_739,其他
fp_740,其他
fp_741,其他
fp_742,其他
fp_743,其他
fp_744,其他
fp_745,其他
fp_746,其他
fp_747,其他
fp_748,其他
fp_749,其他
fp_750,其他
fp_751,其他
fp_752,其他
fp_753,其他
fp_754,其他
fp_755,其他
fp_756,其他
fp_757,其他
fp_758,其他
fp_759,其他
fp_760,其他
fp_761,其他
fp_762,其他
fp_763,胺基
fp_764,其他
fp_765,其他
fp_766,其他
fp_767,其他
fp_768,其他
fp_769,其他
fp_770,其他
fp_771,其他
fp_772,其他
fp_773,其他
fp_774,胺基
fp_775,其他
fp_776,其他
fp_777,其他
fp_778,其他
fp_779,其他
fp_780,其他
fp_781,其他
fp_782,其他
fp_783,其他
fp_784,其他
fp_785,其他
fp_786,其他
fp_787,其他
fp_788,其他
fp_789,其他
fp_790,氰基
fp_791,其他
fp_792,其他
fp_793,其他
fp_794,甲基
fp_795,其他
fp_796,其他
fp_797,其他
fp_798,酰胺
fp_799,其他
fp_800,其他
fp_801,其他
fp_802,其他
fp_803,氰基
fp_804,其他
fp_805,其他
fp_806,其他
fp_807,其他
fp_808,其他
fp_809,其他
fp_810,其他
fp_811,其他
fp_812,其他
fp_813,其他
fp_814,其他
fp_815,其他
fp_816,其他
fp_817,其他
fp_818,其他
fp_819,其他
fp_820,其他
fp_821,其他
fp_822,其他
fp_823,烯烃
fp_824,其他
fp_825,其他
fp_826,其他
fp_827,其他
fp_828,其他
fp_829,其他
fp_830,其他
fp_831,其他
fp_832,其他
fp_833,其他
fp_834,其他
fp_835,其他
fp_836,其他
fp_837,其他
fp_838,其他
fp_839,其他
fp_840,其他
fp_841,其他
fp_842,其他
fp_843,胺基
fp_844,其他
fp_845,其他
fp_846,其他
fp_847,其他
fp_848,其他
fp_849,其他
fp_850,其他
fp_851,其他
fp_852,其他
fp_853,其他
fp_854,其他
fp_855,其他
fp_856,其他
fp_857,其他
fp_858,其他
fp_859,其他
fp_860,其他
fp_861,其他
fp_862,其他
fp_863,其他
fp_864,其他
fp_865,其他
fp_866,其他
fp_867,其他
fp_868,其他
fp_869,其他
fp_870,其他
fp_871,其他
fp_872,其他
fp_873,其他
fp_874,其他
fp_875,其他
fp_876,其他
fp_877,其他
fp_878,其他
fp_879,其他
fp_880,其他
fp_881,其他
fp_882,其他
fp_883,胺基
fp_884,其他
fp_885,其他
fp_886,其他
fp_887,其他
fp_888,胺基
fp_889,其他
fp_890,其他
fp_891,其他
fp_892,其他
fp_893,其他
fp_894,烯烃
fp_895,其他
fp_896,其他
fp_897,其他
fp_898,其他
fp_899,其他
fp_900,其他
fp_901,其他
fp_902,其他
fp_903,其他
fp_904,其他
fp_905,其他
fp_906,其他
fp_907,其他
fp_908,其他
fp_909,其他
fp_910,其他
fp_911,其他
fp_912,其他
fp_913,胺基
fp_914,其他
fp_915,其他
fp_916,其他
fp_917,其他
fp_918,其他
fp_919,其他
fp_920,其他
fp_921,其他
fp_922,其他
fp_923,其他
fp_924,其他
fp_925,其他
fp_926,其他
fp_927,胺基
fp_928,其他
fp_929,其他
fp_930,其他
fp_931,其他
fp_932,其他
fp_933,其他
fp_934,其他
fp_935,其他
fp_936,其他
fp_937,其他
fp_938,其他
fp_939,其他
fp_940,其他
fp_941,其他
fp_942,其他
fp_943,其他
fp_944,其他
fp_945,其他
fp_946,其他
fp_947,其他
fp_948,其他
fp_949,其他
fp_950,其他
fp_951,其他
fp_952,氧负离子
fp_953,其他
fp_954,其他
fp_955,其他
fp_956,其他
fp_957,其他
fp_958,其他
fp_959,其他
fp_960,其他
fp_961,其他
fp_962,其他
fp_963,其他
fp_964,其他
fp_965,其他
fp_966,其他
fp_967,其他
fp_968,其他
fp_969,其他
fp_970,其他
fp_971,其他
fp_972,其他
fp_973,其他
fp_974,其他
fp_975,其他
fp_976,胺基
fp_977,其他
fp_978,其他
fp_979,其他
fp_980,其他
fp_981,胺基
fp_982,其他
fp_983,其他
fp_984,其他
fp_985,其他
fp_986,其他
fp_987,其他
fp_988,其他
fp_989,其他
fp_990,其他
fp_991,其他
fp_992,其他
fp_993,其他
fp_994,其他
fp_995,其他
fp_996,胺基
fp_997,其他
fp_998,其他
fp_999,其他
fp_1000,其他
fp_1001,其他
fp_1002,其他
fp_1003,其他
fp_1004,其他
fp_1005,其他
fp_1006,其他
fp_1007,碘代烷
fp_1008,其他
fp_1009,其他
fp_1010,其他
fp_1011,胺基
fp_1012,其他
fp_1013,其他
fp_1014,其他
fp_1015,其他
fp_1016,其他
fp_1017,甲基
fp_1018,其他
fp_1019,其他
fp_1020,其他
fp_1021,其他
fp_1022,其他
fp_1023,其他
fp_1024,其他
fp_1025,其他
fp_1026,其他
fp_1027,其他
fp_1028,甲基
fp_1029,其他
fp_1030,其他
fp_1031,其他
fp_1032,其他
fp_1033,其他
fp_1034,其他
fp_1035,羧基
fp_1036,其他
fp_1037,其他
fp_1038,其他
fp_1039,其他
fp_1040,其他
fp_1041,其他
fp_1042,其他
fp_1043,其他
fp_1044,其他
fp_1045,末端烯烃或亚甲基
fp_1046,胺基
fp_1047,其他
fp_1048,其他
fp_1049,其他
fp_1050,其他
fp_1051,其他
fp_1052,其他
fp_1053,其他
fp_1054,其他
fp_1055,其他
fp_1056,其他
fp_1057,其他
fp_1058,其他
fp_1059,其他
fp_1060,其他
fp_1061,其他
fp_1062,其他
fp_1063,其他
fp_1064,其他
fp_1065,其他
fp_1066,末端烯烃或亚甲基
fp_1067,其他
fp_1068,其他
fp_1069,其他
fp_1070,其他
fp_1071,其他
fp_1072,其他
fp_1073,羧基
fp_1074,其他
fp_1075,其他
fp_1076,其他
fp_1077,其他
fp_1078,其他
fp_1079,其他
fp_1080,其他
fp_1081,其他
fp_1082,胺基
fp_1083,其他
fp_1084,其他
fp_1085,其他
fp_1086,其他
fp_1087,其他
fp_1088,末端烯烃或亚甲基
fp_1089,其他
fp_1090,其他
fp_1091,其他
fp_1092,其他
fp_1093,其他
fp_1094,其他
fp_1095,其他
fp_1096,其他
fp_1097,其他
fp_1098,其他
fp_1099,其他
fp_1100,其他
fp_1101,其他
fp_1102,其他
fp_1103,其他
fp_1104,其他
fp_1105,其他
fp_1106,其他
fp_1107,其他
fp_1108,铅中心
fp_1109,其他
fp_1110,羧基
fp_1111,其他
fp_1112,其他
fp_1113,其他
fp_1114,其他
fp_1115,其他
fp_1116,其他
fp_1117,其他
fp_1118,其他
fp_1119,其他
fp_1120,其他
fp_1121,其他
fp_1122,其他
fp_1123,其他
fp_1124,其他
fp_1125,其他
fp_1126,其他
fp_1127,其他
fp_1128,其他
fp_1129,其他
fp_1130,其他
fp_1131,其他
fp_1132,其他
fp_1133,其他
fp_1134,其他
fp_1135,其他
fp_1136,其他
fp_1137,其他
fp_1138,胺基
fp_1139,其他
fp_1140,其他
fp_1141,其他
fp_1142,其他
fp_1143,甲基
fp_1144,其他
fp_1145,胺基
fp_1146,其他
fp_1147,其他
fp_1148,其他
fp_1149,其他
fp_1150,其他
fp_1151,其他
fp_1152,胺基
fp_1153,其他
fp_1154,其他
fp_1155,其他
fp_1156,胺基
fp_1157,其他
fp_1158,其他
fp_1159,其他
fp_1160,胺基
fp_1161,其他
fp_1162,其他
fp_1163,其他
fp_1164,其他
fp_1165,其他
fp_1166,胺基
fp_1167,其他
fp_1168,其他
fp_1169,其他
fp_1170,其他
fp_1171,其他
fp_1172,烯烃
fp_1173,其他
fp_1174,其他
fp_1175,其他
fp_1176,其他
fp_1177,其他
fp_1178,其他
fp_1179,其他
fp_1180,其他
fp_1181,其他
fp_1182,酰胺
fp_1183,其他
fp_1184,其他
fp_1185,其他
fp_1186,其他
fp_1187,其他
fp_1188,其他
fp_1189,其他
fp_1190,其他
fp_1191,其他
fp_1192,其他
fp_1193,其他
fp_1194,其他
fp_1195,其他
fp_1196,其他
fp_1197,其他
fp_1198,其他
fp_1199,末端烯烃或亚甲基
fp_1200,其他
fp_1201,其他
fp_1202,其他
fp_1203,其他
fp_1204,其他
fp_1205,其他
fp_1206,其他
fp_1207,其他
fp_1208,其他
fp_1209,其他
fp_1210,其他
fp_1211,其他
fp_1212,其他
fp_1213,其他
fp_1214,其他
fp_1215,其他
fp_1216,其他
fp_1217,其他
fp_1218,其他
fp_1219,其他
fp_1220,其他
fp_1221,其他
fp_1222,其他
fp_1223,其他
fp_1224,其他
fp_1225,其他
fp_1226,其他
fp_1227,其他
fp_1228,其他
fp_1229,其他
fp_1230,其他
fp_1231,铅中心
fp_1232,甲基
fp_1233,其他
fp_1234,其他
fp_1235,其他
fp_1236,其他
fp_1237,其他
fp_1238,其他
fp_1239,其他
fp_1240,其他
fp_1241,其他
fp_1242,其他
fp_1243,甲基
fp_1244,其他
fp_1245,其他
fp_1246,其他
fp_1247,含硫基团
fp_1248,其他
fp_1249,其他
fp_1250,其他
fp_1251,其他
fp_1252,其他
fp_1253,其他
fp_1254,含硫基团
fp_1255,其他
fp_1256,含硫基团
fp_1257,其他
fp_1258,其他
fp_1259,其他
fp_1260,其他
fp_1261,其他
fp_1262,其他
fp_1263,其他
fp_1264,其他
fp_1265,其他
fp_1266,其他
fp_1267,甲基
fp_1268,其他
fp_1269,其他
fp_1270,其他
fp_1271,其他
fp_1272,其他
fp_1273,其他
fp_1274,甲基
fp_1275,其他
fp_1276,其他
fp_1277,其他
fp_1278,其他
fp_1279,其他
fp_1280,其他
fp_1281,其他
fp_1282,其他
fp_1283,其他
fp_1284,其他
fp_1285,其他
fp_1286,其他
fp_1287,羧基
fp_1288,其他
fp_1289,其他
fp_1290,其他
fp_1291,其他
fp_1292,甲基
fp_1293,其他
fp_1294,其他
fp_1295,其他
fp_1296,其他
fp_1297,胺基
fp_1298,其他
fp_1299,其他
fp_1300,其他
fp_1301,氮自由基
fp_1302,其他
fp_1303,其他
fp_1304,其他
fp_1305,其他
fp_1306,其他
fp_1307,其他
fp_1308,其他
fp_1309,甲基
fp_1310,其他
fp_1311,其他
fp_1312,其他
fp_1313,其他
fp_1314,其他
fp_1315,其他
fp_1316,其他
fp_1317,其他
fp_1318,其他
fp_1319,其他
fp_1320,其他
fp_1321,其他
fp_1322,其他
fp_1323,其他
fp_1324,其他
fp_1325,其他
fp_1326,其他
fp_1327,其他
fp_1328,其他
fp_1329,其他
fp_1330,甲基
fp_1331,其他
fp_1332,其他
fp_1333,其他
fp_1334,其他
fp_1335,其他
fp_1336,其他
fp_1337,其他
fp_1338,其他
fp_1339,其他
fp_1340,其他
fp_1341,其他
fp_1342,其他
fp_1343,其他
fp_1344,其他
fp_1345,其他
fp_1346,其他
fp_1347,其他
fp_1348,其他
fp_1349,其他
fp_1350,其他
fp_1351,其他
fp_1352,其他
fp_1353,其他
fp_1354,其他
fp_1355,其他
fp_1356,其他
fp_1357,其他
fp_1358,其他
fp_1359,其他
fp_1360,其他
fp_1361,其他
fp_1362,其他
fp_1363,其他
fp_1364,其他
fp_1365,其他
fp_1366,胺基
fp_1367,其他
fp_1368,其他
fp_1369,其他
fp_1370,其他
fp_1371,其他
fp_1372,其他
fp_1373,其他
fp_1374,其他
fp_1375,其他
fp_1376,其他
fp_1377,其他
fp_1378,其他
fp_1379,其他
fp_1380,其他
fp_1381,胺基
fp_1382,其他
fp_1383,其他
fp_1384,胺基
fp_1385,其他
fp_1386,其他
fp_1387,其他
fp_1388,其他
fp_1389,其他
fp_1390,烯烃
fp_1391,其他
fp_1392,其他
fp_1393,其他
fp_1394,其他
fp_1395,其他
fp_1396,其他
fp_1397,其他
fp_1398,其他
fp_1399,胺基
fp_1400,其他
fp_1401,其他
fp_1402,其他
fp_1403,其他
fp_1404,其他
fp_1405,其他
fp_1406,其他
fp_1407,其他
fp_1408,其他
fp_1409,其他
fp_1410,其他
fp_1411,其他
fp_1412,其他
fp_1413,其他
fp_1414,其他
fp_1415,其他
fp_1416,其他
fp_1417,其他
fp_1418,其他
fp_1419,其他
fp_1420,其他
fp_1421,其他
fp_1422,其他
fp_1423,其他
fp_1424,其他
fp_1425,其他
fp_1426,其他
fp_1427,其他
fp_1428,其他
fp_1429,其他
fp_1430,胺基
fp_1431,其他
fp_1432,其他
fp_1433,其他
fp_1434,其他
fp_1435,其他
fp_1436,其他
fp_1437,其他
fp_1438,其他
fp_1439,其他
fp_1440,其他
fp_1441,其他
fp_1442,其他
fp_1443,其他
fp_1444,甲基;胺基
fp_1445,末端烯烃或亚甲基
fp_1446,其他
fp_1447,其他
fp_1448,氧负离子
fp_1449,其他
fp_1450,其他
fp_1451,其他
fp_1452,其他
fp_1453,其他
fp_1454,其他
fp_1455,其他
fp_1456,其他
fp_1457,胺基
fp_1458,其他
fp_1459,其他
fp_1460,其他
fp_1461,其他
fp_1462,其他
fp_1463,其他
fp_1464,其他
fp_1465,其他
fp_1466,其他
fp_1467,其他
fp_1468,其他
fp_1469,其他
fp_1470,其他
fp_1471,其他
fp_1472,其他
fp_1473,其他
fp_1474,其他
fp_1475,其他
fp_1476,含硫基团
fp_1477,其他
fp_1478,其他
fp_1479,其他
fp_1480,胺基
fp_1481,其他
fp_1482,其他
fp_1483,其他
fp_1484,其他
fp_1485,其他
fp_1486,其他
fp_1487,其他
fp_1488,其他
fp_1489,其他
fp_1490,其他
fp_1491,其他
fp_1492,氮自由基
fp_1493,其他
fp_1494,其他
fp_1495,碘代烷
fp_1496,其他
fp_1497,其他
fp_1498,其他
fp_1499,其他
fp_1500,其他
fp_1501,其他
fp_1502,其他
fp_1503,其他
fp_1504,其他
fp_1505,其他
fp_1506,其他
fp_1507,其他
fp_1508,其他
fp_1509,其他
fp_1510,其他
fp_1511,其他
fp_1512,其他
fp_1513,其他
fp_1514,其他
fp_1515,其他
fp_1516,其他
fp_1517,其他
fp_1518,其他
fp_1519,其他
fp_1520,其他
fp_1521,其他
fp_1522,其他
fp_1523,其他
fp_1524,其他
fp_1525,胺基
fp_1526,其他
fp_1527,其他
fp_1528,其他
fp_1529,其他
fp_1530,其他
fp_1531,其他
fp_1532,其他
fp_1533,其他
fp_1534,其他
fp_1535,其他
fp_1536,其他
fp_1537,其他
fp_1538,其他
fp_1539,其他
fp_1540,其他
fp_1541,其他
fp_1542,其他
fp_1543,其他
fp_1544,其他
fp_1545,其他
fp_1546,其他
fp_1547,其他
fp_1548,其他
fp_1549,其他
fp_1550,其他
fp_1551,其他
fp_1552,其他
fp_1553,其他
fp_1554,其他
fp_1555,其他
fp_1556,其他
fp_1557,其他
fp_1558,其他
fp_1559,其他
fp_1560,其他
fp_1561,其他
fp_1562,其他
fp_1563,胺基
fp_1564,甲基
fp_1565,其他
fp_1566,其他
fp_1567,含硫基团
fp_1568,其他
fp_1569,其他
fp_1570,含硫基团
fp_1571,其他
fp_1572,其他
fp_1573,其他
fp_1574,其他
fp_1575,其他
fp_1576,其他
fp_1577,其他
fp_1578,其他
fp_1579,其他
fp_1580,其他
fp_1581,其他
fp_1582,其他
fp_1583,其他
fp_1584,其他
fp_1585,其他
fp_1586,其他
fp_1587,其他
fp_1588,其他
fp_1589,其他
fp_1590,胺基
fp_1591,其他
fp_1592,其他
fp_1593,含硫基团
fp_1594,其他
fp_1595,其他
fp_1596,其他
fp_1597,其他
fp_1598,其他
fp_1599,其他
fp_1600,其他
fp_1601,其他
fp_1602,其他
fp_1603,氮自由基
fp_1604,其他
fp_1605,其他
fp_1606,其他
fp_1607,其他
fp_1608,其他
fp_1609,其他
fp_1610,其他
fp_1611,其他
fp_1612,其他
fp_1613,其他
fp_1614,其他
fp_1615,其他
fp_1616,其他
fp_1617,其他
fp_1618,其他
fp_1619,其他
fp_1620,铅中心
fp_1621,其他
fp_1622,其他
fp_1623,其他
fp_1624,其他
fp_1625,其他
fp_1626,其他
fp_1627,其他
fp_1628,其他
fp_1629,其他
fp_1630,其他
fp_1631,其他
fp_1632,其他
fp_1633,其他
fp_1634,其他
fp_1635,其他
fp_1636,其他
fp_1637,其他
fp_1638,其他
fp_1639,其他
fp_1640,其他
fp_1641,其他
fp_1642,其他
fp_1643,其他
fp_1644,其他
fp_1645,其他
fp_1646,碘代烷
fp_1647,其他
fp_1648,其他
fp_1649,其他
fp_1650,其他
fp_1651,其他
fp_1652,其他
fp_1653,其他
fp_1654,其他
fp_1655,其他
fp_1656,其他
fp_1657,其他
fp_1658,其他
fp_1659,其他
fp_1660,其他
fp_1661,其他
fp_1662,其他
fp_1663,其他
fp_1664,其他
fp_1665,其他
fp_1666,其他
fp_1667,其他
fp_1668,其他
fp_1669,其他
fp_1670,其他
fp_1671,其他
fp_1672,其他
fp_1673,其他
fp_1674,其他
fp_1675,其他
fp_1676,其他
fp_1677,其他
fp_1678,其他
fp_1679,其他
fp_1680,其他
fp_1681,其他
fp_1682,其他
fp_1683,其他
fp_1684,其他
fp_1685,其他
fp_1686,其他
fp_1687,其他
fp_1688,其他
fp_1689,其他
fp_1690,其他
fp_1691,其他
fp_1692,其他
fp_1693,胺基
fp_1694,其他
fp_1695,其他
fp_1696,其他
fp_1697,胺基
fp_1698,其他
fp_1699,其他
fp_1700,其他
fp_1701,其他
fp_1702,其他
fp_1703,其他
fp_1704,其他
fp_1705,其他
fp_1706,其他
fp_1707,其他
fp_1708,其他
fp_1709,其他
fp_1710,其他
fp_1711,其他
fp_1712,胺基
fp_1713,其他
fp_1714,其他
fp_1715,其他
fp_1716,其他
fp_1717,其他
fp_1718,其他
fp_1719,其他
fp_1720,其他
fp_1721,其他
fp_1722,其他
fp_1723,其他
fp_1724,其他
fp_1725,其他
fp_1726,其他
fp_1727,其他
fp_1728,其他
fp_1729,其他
fp_1730,其他
fp_1731,其他
fp_1732,其他
fp_1733,其他
fp_1734,其他
fp_1735,其他
fp_1736,其他
fp_1737,羧基
fp_1738,甲基
fp_1739,其他
fp_1740,其他
fp_1741,其他
fp_1742,其他
fp_1743,其他
fp_1744,其他
fp_1745,氮自由基
fp_1746,其他
fp_1747,其他
fp_1748,其他
fp_1749,其他
fp_1750,末端烯烃或亚甲基
fp_1751,其他
fp_1752,其他
fp_1753,其他
fp_1754,末端烯烃或亚甲基
fp_1755,其他
fp_1756,其他
fp_1757,其他
fp_1758,其他
fp_1759,其他
fp_1760,其他
fp_1761,其他
fp_1762,甲基
fp_1763,其他
fp_1764,其他
fp_1765,其他
fp_1766,其他
fp_1767,其他
fp_1768,其他
fp_1769,其他
fp_1770,烯烃
fp_1771,其他
fp_1772,其他
fp_1773,其他
fp_1774,其他
fp_1775,其他
fp_1776,其他
fp_1777,其他
fp_1778,其他
fp_1779,其他
fp_1780,其他
fp_1781,其他
fp_1782,其他
fp_1783,其他
fp_1784,其他
fp_1785,其他
fp_1786,碘代烷
fp_1787,其他
fp_1788,其他
fp_1789,甲基
fp_1790,其他
fp_1791,其他
fp_1792,其他
fp_1793,其他
fp_1794,其他
fp_1795,其他
fp_1796,其他
fp_1797,其他
fp_1798,其他
fp_1799,其他
fp_1800,其他
fp_1801,其他
fp_1802,其他
fp_1803,其他
fp_1804,胺基
fp_1805,其他
fp_1806,其他
fp_1807,其他
fp_1808,其他
fp_1809,其他
fp_1810,其他
fp_1811,其他
fp_1812,其他
fp_1813,其他
fp_1814,其他
fp_1815,其他
fp_1816,其他
fp_1817,其他
fp_1818,其他
fp_1819,其他
fp_1820,其他
fp_1821,其他
fp_1822,其他
fp_1823,其他
fp_1824,其他
fp_1825,其他
fp_1826,其他
fp_1827,其他
fp_1828,其他
fp_1829,其他
fp_1830,其他
fp_1831,其他
fp_1832,其他
fp_1833,其他
fp_1834,其他
fp_1835,其他
fp_1836,其他
fp_1837,其他
fp_1838,其他
fp_1839,其他
fp_1840,胺基
fp_1841,其他
fp_1842,其他
fp_1843,其他
fp_1844,其他
fp_1845,其他
fp_1846,其他
fp_1847,其他
fp_1848,其他
fp_1849,其他
fp_1850,其他
fp_1851,其他
fp_1852,其他
fp_1853,其他
fp_1854,其他
fp_1855,氮自由基
fp_1856,其他
fp_1857,其他
fp_1858,其他
fp_1859,其他
fp_1860,其他
fp_1861,其他
fp_1862,其他
fp_1863,其他
fp_1864,其他
fp_1865,其他
fp_1866,其他
fp_1867,其他
fp_1868,其他
fp_1869,其他
fp_1870,其他
fp_1871,其他
fp_1872,其他
fp_1873,其他
fp_1874,其他
fp_1875,其他
fp_1876,其他
fp_1877,其他
fp_1878,其他
fp_1879,其他
fp_1880,其他
fp_1881,其他
fp_1882,其他
fp_1883,其他
fp_1884,其他
fp_1885,其他
fp_1886,其他
fp_1887,其他
fp_1888,其他
fp_1889,其他
fp_1890,其他
fp_1891,其他
fp_1892,其他
fp_1893,其他
fp_1894,其他
fp_1895,其他
fp_1896,其他
fp_1897,其他
fp_1898,其他
fp_1899,其他
fp_1900,其他
fp_1901,其他
fp_1902,其他
fp_1903,其他
fp_1904,其他
fp_1905,其他
fp_1906,其他
fp_1907,其他
fp_1908,其他
fp_1909,其他
fp_1910,其他
fp_1911,甲基
fp_1912,其他
fp_1913,其他
fp_1914,其他
fp_1915,其他
fp_1916,其他
fp_1917,其他
fp_1918,其他
fp_1919,其他
fp_1920,其他
fp_1921,其他
fp_1922,其他
fp_1923,其他
fp_1924,其他
fp_1925,其他
fp_1926,其他
fp_1927,其他
fp_1928,其他
fp_1929,其他
fp_1930,其他
fp_1931,其他
fp_1932,其他
fp_1933,其他
fp_1934,其他
fp_1935,其他
fp_1936,羟基/醚
fp_1937,其他
fp_1938,其他
fp_1939,胺基
fp_1940,其他
fp_1941,其他
fp_1942,其他
fp_1943,其他
fp_1944,其他
fp_1945,其他
fp_1946,其他
fp_1947,其他
fp_1948,其他
fp_1949,其他
fp_1950,其他
fp_1951,其他
fp_1952,其他
fp_1953,其他
fp_1954,其他
fp_1955,其他
fp_1956,其他
fp_1957,其他
fp_1958,其他
fp_1959,其他
fp_1960,其他
fp_1961,其他
fp_1962,其他
fp_1963,其他
fp_1964,其他
fp_1965,其他
fp_1966,其他
fp_1967,其他
fp_1968,其他
fp_1969,其他
fp_1970,其他
fp_1971,其他
fp_1972,其他
fp_1973,其他
fp_1974,其他
fp_1975,含硫基团
fp_1976,胺基
fp_1977,其他
fp_1978,其他
fp_1979,其他
fp_1980,其他
fp_1981,其他
fp_1982,其他
fp_1983,其他
fp_1984,其他
fp_1985,其他
fp_1986,其他
fp_1987,其他
fp_1988,其他
fp_1989,其他
fp_1990,其他
fp_1991,其他
fp_1992,其他
fp_1993,其他
fp_1994,其他
fp_1995,其他
fp_1996,其他
fp_1997,其他
fp_1998,其他
fp_1999,其他
fp_2000,其他
fp_2001,其他
fp_2002,其他
fp_2003,其他
fp_2004,其他
fp_2005,其他
fp_2006,其他
fp_2007,其他
fp_2008,其他
fp_2009,其他
fp_2010,其他
fp_2011,其他
fp_2012,其他
fp_2013,其他
fp_2014,其他
fp_2015,其他
fp_2016,其他
fp_2017,其他
fp_2018,其他
fp_2019,其他
fp_2020,其他
fp_2021,其他
fp_2022,其他
fp_2023,其他
fp_2024,其他
fp_2025,其他
fp_2026,其他
fp_2027,其他
fp_2028,其他
fp_2029,其他
fp_2030,其他
fp_2031,其他
fp_2032,其他
fp_2033,其他
fp_2034,其他
fp_2035,其他
fp_2036,其他
fp_2037,含硫基团
fp_2038,甲基
fp_2039,其他
fp_2040,其他
fp_2041,其他
fp_2042,其他
fp_2043,其他
fp_2044,胺基
fp_2045,胺基
fp_2046,其他
fp_2047,其他
